Nombre,Categoría,Ciudad,Provincia,Instagram
"Tamago café de especialidad","bar","A Coruña","A Coruña","https://instagram.com/rsrc.php"
"Terreo Cocina Casual","restaurante","A Coruña","A Coruña","https://instagram.com/terreococinacasual"
"Hotel Palacio de Luko","hotel","Luko","Álava","https://instagram.com/palaciodeluko"
"Comida rápida La Teresa","restaurante","Vitoria-Gasteiz","Álava","https://instagram.com/rsrc.php"
"BLUE Café Teatro","bar","Albacete","Albacete","https://instagram.com/bluecafeteatro"
"JAPÓNICO","restaurante","Almansa","Albacete","https://instagram.com/restaurante_japonico"
"Raíces Ibéricas La Roda","restaurante","La Roda","Albacete","https://instagram.com/raicesibericaswines"
"Sushi Casa","restaurante","Almansa","Albacete","https://instagram.com/sushicasaalmansa"
"Anouki's Pub","bar","Alicante (Alacant)","Alicante","https://instagram.com/rsrc.php"
"Aya Huma Cocktail Bar Jávea","bar","Xàbia","Alicante","https://instagram.com/v"
"BASSOS","bar","Petrer","Alicante","https://instagram.com/bassos__"
"Bendita Cafetería","bar","Torrevieja","Alicante","https://instagram.com/rsrc.php"
"BOGA COFFEE & BEER","bar","Villena","Alicante","https://instagram.com/reel"
"BOTANICA Coffee Experience","bar","Elche","Alicante","https://instagram.com/botanica.coffee.experiences"
"Café de Montaña en Alicante","bar","Alicante (Alacant)","Alicante","https://instagram.com/rsrc.php"
"Cafetería & Bar de tapas, Bocaices","bar","Alicante (Alacant)","Alicante","https://instagram.com/rsrc.php"
"CaffèMilano-The Italian Coffee House , Jávea","bar","Xàbia","Alicante","https://instagram.com/caffemilanospain"
"CATUAÍ cafe - bar","bar","Elche","Alicante","https://instagram.com/rsrc.php"
"Cervezas Althaia","bar","Altea","Alicante","https://instagram.com/cervezasalthaia"
"Daily Coffee","bar","Santa Pola","Alicante","https://instagram.com/dailycoffee05"
"Discoteca Calle 365 Alicante","bar","Alacant","Alicante","https://instagram.com/calle365alicante"
"DSTRITO +57","bar","Calpe","Alicante","https://instagram.com/rsrc.php"
"ESPARCIA CAFÉ Y TÉ","bar","Torrevieja","Alicante","https://instagram.com/esparciacoffee"
"Point Bianco I Specialty Caffé Alicante I Café de especialidad Alicante","bar","Alicante (Alacant)","Alicante","https://instagram.com/pointbianco"
"Vino Y Mas San Vicente","bar","Sant Vicent del Raspeig","Alicante","https://instagram.com/rsrc.php"
"Yerbaxàbia","bar","Jávea","Alicante","https://instagram.com/yerbaxabia"
"B&B Casa Rodriguillo - Pinoso","hotel","El","Alicante","https://instagram.com/casa_rodriguillo"
"Casa Carmen Altea","hotel","Altea","Alicante","https://instagram.com/casacarmenaltea"
"Casa Coline","hotel","Jávea","Alicante","https://instagram.com/reel"
"Casa Pura Vida","hotel","Relleu","Alicante","https://instagram.com/bedandbreakfastcasapuravida"
"Casatims","hotel","Calpe","Alicante","https://instagram.com/casatims"
"Dionis Hotel Boutique","hotel","Xàbia","Alicante","https://instagram.com/dionishotel"
"Finca La Cañada","hotel","el Poble Llevantí","Alicante","https://instagram.com/finca_lacanada"
"Hostal Luxury Nit i Dia","hotel","Altea","Alicante","https://instagram.com/hostal_luxury_nitidia"
"Hotel Abaco Altea","hotel","Altea","Alicante","https://instagram.com/hotelabacoaltea"
"Las Mariposas","hotel","La Marina","Alicante","https://instagram.com/lasmariposas_bnb"
"Little Bali Javea","hotel","les Cansalades","Alicante","https://instagram.com/littlebali_javea"
"Mansion La Caballusa","hotel","la Cavallussa","Alicante","https://instagram.com/mansiontaratata"
"Marina Beach 38","hotel","Denia","Alicante","https://instagram.com/marinabeach38"
"Mariseta y Tonet","hotel","Calpe","Alicante","https://instagram.com/escapadarural"
"Maryvilla","hotel","Calpe","Alicante","https://instagram.com/rent.villas.spain"
"The Luxury Villa at Pleamar 30 Holiday Rental, Punta Prima, Torrevieja, Spain","hotel","Torrevieja","Alicante","https://instagram.com/pleamar30_holidayrental"
"Vista Calpe","hotel","Calpe","Alicante","https://instagram.com/villavistacalpe"
"🐔 Chicken's Carbón ❤️‍🔥 POLLO y Cositas","restaurante","San Vicente del Raspeig","Alicante","https://instagram.com/rsrc.php"
"Bacacay | Restaurante Argentino Alicante","restaurante","Alacant","Alicante","https://instagram.com/bacacayparrilla"
"Bulla | Original Burgers & Fries","restaurante","Alicante (Alacant)","Alicante","https://instagram.com/bullaburgers"
"Carnal burger house","restaurante","Alacant","Alicante","https://instagram.com/rsrc.php"
"Circo Burger","restaurante","Benidorm","Alicante","https://instagram.com/circoburger"
"EatMyTrip Specialty Coffee & Brunch Alicante","restaurante","Alicante (Alacant)","Alicante","https://instagram.com/eatmytrip"
"GULA. Pizzería 🍕 Pizza napolitana con estilo propio en Alicante.","restaurante","Alicante (Alacant)","Alicante","https://instagram.com/gula.pizzeria"
"Jhonny's Urban Food 🍔🥩🥟😋","restaurante","Benidorm","Alicante","https://instagram.com/rsrc.php"
"La Barra del Músico","restaurante","Elx","Alicante","https://instagram.com/labarradelmusico"
"La Brasa Global","restaurante","Elx","Alicante","https://instagram.com/rsrc.php"
"La Escondida Grill","restaurante","Alicante (Alacant)","Alicante","https://instagram.com/laescondidagrill"
"La Gustosa, Santa Pola.","restaurante","Santa Pola","Alicante","https://instagram.com/lagustosa.santapola"
"LOKO AÇAÍ","restaurante","Torrevieja","Alicante","https://instagram.com/rsrc.php"
"Luna De Alberdi","restaurante","Alacant","Alicante","https://instagram.com/lunadealberdiburger"
"Mamma Mia Ristorante & Pizzeria","restaurante","Benidorm","Alicante","https://instagram.com/rsrc.php"
"MESA La Marina","restaurante","Dénia","Alicante","https://instagram.com/mesa_lamarina"
"Nueve Pizzeria Bar Alicante","restaurante","Alicante (Alacant)","Alicante","https://instagram.com/rsrc.php"
"Pizza Da Rico | Pizzeria Alicante","restaurante","Alacant","Alicante","https://instagram.com/pizzadarico"
"Pizzeria Castaños","restaurante","Alacant","Alicante","https://instagram.com/pizzeria_castanos"
"Pizzeria cocteleria Rione","restaurante","Benidorm","Alicante","https://instagram.com/rsrc.php"
"Restaurant (Gastrobar) Distrikt41","restaurante","Alacant","Alicante","https://instagram.com/distrikt41"
"Restaurante La oficina del gusto","restaurante","Benidorm","Alicante","https://instagram.com/laoficinadelgusto"
"Restaurante ZINC","restaurante","Alicante","Alicante","https://instagram.com/restaurantezinc"
"Sono Più","restaurante","Elx","Alicante","https://instagram.com/sonopiu_focacceria"
"Taco del Paco l Restaurante en Calpe","restaurante","Calpe","Alicante","https://instagram.com/tacodelpaco"
"Toy Ristorante","restaurante","Dénia","Alicante","https://instagram.com/toyristorante"
"Umore Pizza","restaurante","Torrevieja","Alicante","https://instagram.com/umorepizza"
"YANKEES BURGER & TEXMEX","restaurante","Torrevieja","Alicante","https://instagram.com/rsrc.php"
"YOKA'S","restaurante","Sant Vicent del Raspeig","Alicante","https://instagram.com/yokasbro"
"La Nube Café","bar","Almería","Almería","https://instagram.com/rsrc.php"
"Blau Gran Hotel Las Caldas","hotel","Las Caldas","Asturias","https://instagram.com/lascaldas"
"Hotel Pleamar","hotel","Puerto de Vega","Asturias","https://instagram.com/HotelPleamar"
"Aimé Avilés","restaurante","Avilés","Asturias","https://instagram.com/aime_restaurante"
"La cantina del tiempo","restaurante","Langreo","Asturias","https://instagram.com/rsrc.php"
"La Tierra","restaurante","Gijón","Asturias","https://instagram.com/latierragijon"
"Narbasu Restaurante y Hotel","restaurante","Cereceda","Asturias","https://instagram.com/narbasu_palacioderubianes"
"Restaurante Marcos","restaurante","Gijón","Asturias","https://instagram.com/restaurantemarcosasturias"
"Cafetería Casa Pastel","bar","Ávila","Ávila","https://instagram.com/casapastel_es"
"Caserío Fuentesclaras","hotel","Ávila","Ávila","https://instagram.com/caseriofuentesclaras"
"Hotel Rural El Camino","hotel","Candeleda","Ávila","https://instagram.com/hotelruralelcamino"
"Akla Hotel Badajoz","hotel","Badajoz","Badajoz","https://instagram.com/akla.badajoz"
"Bar restaurante Pica pollo Dominicano","restaurante","Mérida","Badajoz","https://instagram.com/rsrc.php"
"Bidaia | Restaurante en Badajoz","restaurante","Badajoz","Badajoz","https://instagram.com/bidaiabadajoz"
"la dicha","restaurante","Mérida","Badajoz","https://instagram.com/rsrc.php"
"Alcabármix","bar","L'Hospitalet de Llobregat","Barcelona","https://instagram.com/alcabarmix"
"AO","bar","Badalona","Barcelona","https://instagram.com/rsrc.php"
"BAR ROSA BARCELONA","bar","Barcelona","Barcelona","https://instagram.com/rosabarcelona_"
"BARBÀRBAR","bar","Badalona","Barcelona","https://instagram.com/barbaarbar"
"Cafetería Cafés Caracas","bar","Barcelona","Barcelona","https://instagram.com/cafescaracas"
"Cafetería Tokio-Barcelona","bar","Barcelona","Barcelona","https://instagram.com/rsrc.php"
"Deluxe coffee Bar","bar","Sabadell","Barcelona","https://instagram.com/rsrc.php"
"La Bodeguita de A Vaquiña Marela","bar","L'Hospitalet de Llobregat","Barcelona","https://instagram.com/avaquinamarela"
"La Cherry Coffee Co.","bar","Barcelona","Barcelona","https://instagram.com/lacherry.coffee"
"Magnolia café","bar","Barcelona","Barcelona","https://instagram.com/p"
"Número Tres bar","bar","Barcelona","Barcelona","https://instagram.com/numerotres_cocktailbar"
"Rec Sabadell","bar","Sabadell","Barcelona","https://instagram.com/recbrew"
"ReenCuentro","bar","Sabadell","Barcelona","https://instagram.com/rcreencuentro"
"Asun Brunch & Bakery Barcelona","restaurante","Barcelona","Barcelona","https://instagram.com/rsrc.php"
"B A R A N S U","restaurante","Terrassa","Barcelona","https://instagram.com/rsrc.php"
"Capibara","restaurante","Badalona","Barcelona","https://instagram.com/capibara.bakery"
"Casa Nita","restaurante","Terrassa","Barcelona","https://instagram.com/casanitarestaurant"
"Dessi Tadka - Indian Street Food & Restaurant","restaurante","Badalona","Barcelona","https://instagram.com/dessitadka.badalona"
"Gastroteca Espai Classual","restaurante","Badalona","Barcelona","https://instagram.com/espai.classual.bdn"
"Oaxaca Café y Brunch","restaurante","Badalona","Barcelona","https://instagram.com/rsrc.php"
"Restaurant Tastavents","restaurante","Badalona","Barcelona","https://instagram.com/tastavents"
"BBS Café","bar","Abadiño-Zelaieta","Bizkaia","https://instagram.com/bbscafedespecialidad"
"Restaurante La Viña De Henao Casa De Comidas","restaurante","Bilbao","Bizkaia","https://instagram.com/rest_lavinadehenao"
"Quinta San Francisco","hotel","Castrojeriz","Burgos","https://instagram.com/hotelquintasanfrancisco"
"Aura Gastronómica","restaurante","Burgos","Burgos","https://instagram.com/auragastronomica"
"Apartamentos El Patio Plaza Mayor Cáceres","hotel","Cáceres","Cáceres","https://instagram.com/at_elpatio"
"Apartamentos Plaza Mayor 35","hotel","Cáceres","Cáceres","https://instagram.com/atplazamayor35"
"Complejo Rural La Paloma","hotel","Arroyo de la Luz","Cáceres","https://instagram.com/complejolapaloma"
"Borona Bistró","restaurante","Cáceres","Cáceres","https://instagram.com/boronabistro"
"Kafeteros","bar","Santander","Cantabria","https://instagram.com/kafeteros_"
"Posada La Hijuela","hotel","Queveda","Cantabria","https://instagram.com/turismoencantabria"
"Restaurante Sotavento","restaurante","San Vicente de la Barquera","Cantabria","https://instagram.com/turismoencantabria"
"Alqueria Calatrava B&B","hotel","Burriana","Castellón","https://instagram.com/alqueria_calatrava"
"Hotel aigua oliva","hotel","Benicarló","Castellón","https://instagram.com/arc_estudi"
"Anhelo Restaurante","restaurante","Castelló de la Plana","Castellón","https://instagram.com/restaurante_anhelo"
"Ika Sushi","restaurante","Benicarló","Castellón","https://instagram.com/ika_sushibenicarlo"
"Julivert • Menjar per emportar","restaurante","Vila-real","Castellón","https://instagram.com/rsrc.php"
"LES DUNES - ARROCERÍA - RESTAURANTE","restaurante","Borriana","Castellón","https://instagram.com/lesdunes_restaurante"
"Restaurante CÚPULA","restaurante","Castellón de la Plana","Castellón","https://instagram.com/cupula.castellon"
"Patio del Posadero - Hotel Boutique","hotel","Córdoba","Córdoba","https://instagram.com/hotelpatiodelposadero"
"Casas Rurales Cuenca - Planeta Chicote","hotel","Zafra de Záncara","Cuenca","https://instagram.com/planetachicote"
"Huerto de Mateo Arana","hotel","Cuenca","Cuenca","https://instagram.com/huertodemateoarana"
"ONIRIA CAFÈ","bar","Girona","Girona","https://instagram.com/oniriacafe"
"Equipe Guesthouse","hotel","Girona","Girona","https://instagram.com/equipegirona"
"Little Home Girona","hotel","Girona","Girona","https://instagram.com/littlehomegirona"
"Naturaki Can Parés","hotel","Sant Gregori","Girona","https://instagram.com/naturaki"
"Idle Hands","restaurante","Girona","Girona","https://instagram.com/idlehandsgirona"
"La Comuna by Bon Dia Residences","restaurante","Girona","Girona","https://instagram.com/bondiaresidences"
"3 onzas Cocktail Bar","bar","Granada","Granada","https://instagram.com/3onzas_granada"
"La Telefónica","bar","Granada","Granada","https://instagram.com/latelefonicagr"
"NOIR Craft Cocktail Bar","bar","Granada","Granada","https://instagram.com/noircraftcocktail"
"Cocktail Blues Gallery","bar","Guadalajara","Guadalajara","https://instagram.com/rsrc.php"
"Sat Coffee","bar","Huelva","Huelva","https://instagram.com/sat_coffee_oficial"
"Café Bar Almeriz","bar","Huesca","Huesca","https://instagram.com/almeriz.cafebar"
"Hotel Barosse. Adults Only, Charming Acommodation Pyrenees","hotel","Barós","Huesca","https://instagram.com/carmina_cirac"
"Hotel Rural Flor de Almendro","hotel","Loarre","Huesca","https://instagram.com/flordealmendroloarre"
"HOTEL TERRA BONANSA","hotel","Bonansa","Huesca","https://instagram.com/hotelterrabonansa"
"KA-ORŪ SUSHIBAR & COCKTAIL","bar","Jaén","Jaén","https://instagram.com/ka"
"Restaurante Ginger Bistró","restaurante","Jaén","Jaén","https://instagram.com/restaurantegingerbistro"
"Restaurante Malak","restaurante","Jaén","Jaén","https://instagram.com/malakrestaurante"
"Restaurante Radis","restaurante","Jaén","Jaén","https://instagram.com/restauranteradis"
"CASA RURAL EL MIRADOR DE ELOISA","hotel","Rodezno","La Rioja","https://instagram.com/elmiradordeeloisa"
"Hotel Boutique Posada de Sajazarra - Atención telefónica de 9:00 a 21:00h.","hotel","Sajazarra","La Rioja","https://instagram.com/posadadesajazarra"
"Hotel Santa María Briones","hotel","Briones","La Rioja","https://instagram.com/santamariabrioneshotel"
"BEMBÉ Las Palmas","bar","Las Palmas de Gran Canaria","Las Palmas","https://instagram.com/bembe_laspalmas"
"Kafema specialty coffee","bar","Las Palmas de Gran Canaria","Las Palmas","https://instagram.com/rsrc.php"
"Restaurante Sorondongo","restaurante","Las Palmas de Gran Canaria","Las Palmas","https://instagram.com/sorondongorestaurante"
"Yori Las Palmas","restaurante","Las Palmas de Gran Canaria","Las Palmas","https://instagram.com/rsrc.php"
"Nirmata Specialty Coffee","bar","León","León","https://instagram.com/rsrc.php"
"A Palleira de Lola","hotel","Fontao","Lugo","https://instagram.com/a_palleira_de_lola"
"Casa da Galbana","hotel","Friol","Lugo","https://instagram.com/casagalbana"
"Casa Grande de Láncara","hotel","Láncara","Lugo","https://instagram.com/rsrc.php"
"Hotel Casal de Pelaio - Hotel boutique - Hotel cerca de las catedrales","hotel","Vilar","Lugo","https://instagram.com/casal_de_pelaio_"
"O Forno de Catuxa","restaurante","Lugo","Lugo","https://instagram.com/ofornodecatuxa"
"Alchemist 1967","bar","Madrid","Madrid","https://instagram.com/alchemist_1967"
"Ástor gastro-place","bar","Madrid","Madrid","https://instagram.com/restauranteastor"
"Bomber Cocktail Bar, Coctelería","bar","Leganés","Madrid","https://instagram.com/bomber_cocktail_bar"
"H&J Street Bar","bar","Leganés","Madrid","https://instagram.com/hjstreetbar"
"Jade Coctelería Bar","bar","Madrid","Madrid","https://instagram.com/jadecocteleriabar"
"Momus Bar","bar","Madrid","Madrid","https://instagram.com/momus_cocktail_bar"
"Rustico Madrid - Bar de vinos, café de especialidad y focacceria","bar","Madrid","Madrid","https://instagram.com/rusticomadrid"
"Siniestro","bar","Madrid","Madrid","https://instagram.com/rsrc.php"
"The Pubcrawl Company Madrid","hotel","Madrid","Madrid","https://instagram.com/thepubcrawlcompany"
"Cervecería Dichosita","restaurante","Madrid","Madrid","https://instagram.com/rsrc.php"
"My Healthy Corner","restaurante","Móstoles","Madrid","https://instagram.com/mhc_mostoles"
"Ramen Shifu","restaurante","Leganés","Madrid","https://instagram.com/ramenshifu_milano"
"Restaurante Quinta fase","restaurante","Alcalá de Henares","Madrid","https://instagram.com/quintafase.restaurante"
"Ganbaru Coffee","bar","Málaga","Málaga","https://instagram.com/marioperello"
"Grand Café Gezellig","bar","Málaga","Málaga","https://instagram.com/grandcafegezellig"
"Renard Cocktail Club","bar","Málaga","Málaga","https://instagram.com/renardcocktailclub"
"La Casa de la Abuela Rosy Malaga","hotel","Málaga","Málaga","https://instagram.com/lacasadelaabuelarosy"
"Caravana - Cocina Viajera","restaurante","Málaga","Málaga","https://instagram.com/rsrc.php"
"Élite Café","restaurante","Málaga","Málaga","https://instagram.com/elitecafe_soho"
"Restaurante Dynamit","restaurante","Málaga","Málaga","https://instagram.com/rdynamit"
"Alma y sabor restaurante","bar","Molina de Segura","Murcia","https://instagram.com/rsrc.php"
"Capricho de Maggels","bar","Cartagena","Murcia","https://instagram.com/rsrc.php"
"La Canija Taberna","bar","Murcia","Murcia","https://instagram.com/rsrc.php"
"Alojamientos Fenix MURCIA","hotel","Murcia","Murcia","https://instagram.com/alojamientosfenix"
"Casa Lamberdina","hotel","Lorca","Murcia","https://instagram.com/benb.casa.lamberdina"
"El Mástil Camper Park","hotel","La Aljorra","Murcia","https://instagram.com/elmastilcamperpark"
"PLAZA ROOMS","hotel","Totana","Murcia","https://instagram.com/plazaroomstotana"
"Brutal Wine Restaurant","restaurante","Fuente Alamo","Murcia","https://instagram.com/brutalwinerestaurant"
"Como en Napoli “Murcia Centro” - Pizzeria Napolitana","restaurante","Murcia","Murcia","https://instagram.com/comoennapoli"
"Eh Detroit Más que desayunos","restaurante","Murcia","Murcia","https://instagram.com/detroit_masquedesayunos"
"El Rancho de Cabo de Palos","restaurante","Cabo de Palos","Murcia","https://instagram.com/elranchodecabodepalos"
"Estirpe Restaurante","restaurante","Yecla","Murcia","https://instagram.com/estirpe.restaurante"
"Gastrobar 6 Sentidos","restaurante","Baños y Mendigo","Murcia","https://instagram.com/gastrobar6sentidos"
"Maldita Cocina","restaurante","Cartagena","Murcia","https://instagram.com/malditacocinaoficial"
"Nuevos Aires","restaurante","Cartagena","Murcia","https://instagram.com/rsrc.php"
"Restaurante TR39","restaurante","Molina de Segura","Murcia","https://instagram.com/rsrc.php"
"RESTAURANTES MURCIA CONJUGOO","restaurante","Murcia","Murcia","https://instagram.com/conjugoo"
"TheGlobal","restaurante","Murcia","Murcia","https://instagram.com/theglobal_casillas"
"Zona Burguer","restaurante","Alcantarilla","Murcia","https://instagram.com/rsrc.php"
"Casa Rural Aldekoa","hotel","Ziga","Navarra","https://instagram.com/casaruralaldekoa"
"Antigua o' Renque","bar","Ourense","Ourense","https://instagram.com/rsrc.php"
"Restaurante Miguel González","restaurante","Ourense","Ourense","https://instagram.com/restaurantemiguelgonzalez"
"Duerming O Casal Da Martiña","hotel","O Casal","Pontevedra","https://instagram.com/duermingbeds"
"HOSTEL CHARINO","hotel","Pontevedra","Pontevedra","https://instagram.com/hostelcharino"
"Numa Experimental","hotel","Tomeza","Pontevedra","https://instagram.com/numa_experimental"
"Donum Bakes","restaurante","Pontevedra","Pontevedra","https://instagram.com/rsrc.php"
"Restaurante El Arroz Pontevedra","restaurante","Pontevedra","Pontevedra","https://instagram.com/rsrc.php"
"Quilombo Café Salamanca Specialty Coffee","bar","Salamanca","Salamanca","https://instagram.com/rsrc.php"
"Slow Coffee Tenerife ( Specialty Coffee Roasters )","bar","Santa Cruz de Tenerife","Santa Cruz de Tenerife","https://instagram.com/slowcoffeetenerife"
"Cafetería Paloma’s","bar","Segovia","Segovia","https://instagram.com/rsrc.php"
"HOSTAL LA GRANJA 2 ESTRELLAS","hotel","Urbanización Parque Robledo","Segovia","https://instagram.com/hostallagranja"
"Hotel Apartamentos ARALSO","hotel","Segovia","Segovia","https://instagram.com/hotelapartamentosaralso"
"Anibal Club | Coctelería de autor en Sevilla","bar","Sevilla","Sevilla","https://instagram.com/anibalclub"
"Chaman Cocktail Bar","bar","Sevilla","Sevilla","https://instagram.com/chamancocktailbar"
"Selva Coffee","bar","Sevilla","Sevilla","https://instagram.com/rsrc.php"
"Il Ristorantino Dell´Avvocato Sevilla","restaurante","Sevilla","Sevilla","https://instagram.com/ilristorantinosev"
"Duruelo Mountain Suites","hotel","Duruelo de la Sierra","Soria","https://instagram.com/duruelomountainsuites"
"Hotel Rural El Cielo Entejado","hotel","Tejado","Soria","https://instagram.com/elcieloentejado"
"Rincón Italiano","restaurante","Soria","Soria","https://instagram.com/rsrc.php"
"TucciTea","restaurante","Soria","Soria","https://instagram.com/tuccitea"
"CaffèMilano-The Italian Coffee House, Teruel","bar","Teruel","Teruel","https://instagram.com/caffemilanospain"
"Apartamentos One","hotel","Teruel","Teruel","https://instagram.com/apartamentosone"
"El Castillo de Celia Alojamiento rural","hotel","Cubla","Teruel","https://instagram.com/el_castillo_de_celia"
"Hotel-spa sensaciones 1877","hotel","Albarracín","Teruel","https://instagram.com/hotel1877sensaciones"
"ringo","bar","Toledo","Toledo","https://instagram.com/rsrc.php"
"Restaurante Víctor Sánchez-Beato","restaurante","Toledo","Toledo","https://instagram.com/victor_s_beato"
"Botanista Bar","bar","València","Valencia","https://instagram.com/rsrc.php"
"Canela Coffee house","bar","Port de Sagunt","Valencia","https://instagram.com/canela_coffee_house"
"La 73 Cocktail Bar Valencia","bar","València","Valencia","https://instagram.com/rsrc.php"
"Mafia Café","bar","Gandia","Valencia","https://instagram.com/rsrc.php"
"nano - Cafetería","bar","Torrent","Valencia","https://instagram.com/rsrc.php"
"Suculent Café","bar","Torrent","Valencia","https://instagram.com/rsrc.php"
"The Jungle","bar","València","Valencia","https://instagram.com/thejunglevalencia"
"The People's Coffee","bar","Torrent","Valencia","https://instagram.com/rsrc.php"
"VUKA | Café de especialidad Valencia","bar","València","Valencia","https://instagram.com/rsrc.php"
"Eco-hotel Aire de Monte","hotel","Nàquera","Valencia","https://instagram.com/rsrc.php"
"El Secanet","hotel","Algímia d'Alfara","Valencia","https://instagram.com/elsecanet"
"Hotel Finca La Mixtura & Restaurant Melange","hotel","Ontinyent","Valencia","https://instagram.com/finca_la_mixtura"
"La Novieta Boutique Hotel","hotel","València","Valencia","https://instagram.com/lanovieta"
"Mariola Secreta SL Casa Rural and Retreat Centre","hotel","Bocairente","Valencia","https://instagram.com/mariolasecreta"
"Pathos by Mimood Aparthotels","hotel","València","Valencia","https://instagram.com/mimoodvalencia"
"VALOLA Boutique Rooms","hotel","Valencia","Valencia","https://instagram.com/valola_valencia"
"Elijo Creer | Resto & Beer","restaurante","Torrent","Valencia","https://instagram.com/elijocreer.es"
"Guava Bakery Torrent - Repostería artesanal","restaurante","Torrent","Valencia","https://instagram.com/guavabakery_eu"
"La Finestreta","restaurante","Gandia","Valencia","https://instagram.com/rsrc.php"
"Ona Cuina Oberta","restaurante","Gandia","Valencia","https://instagram.com/onacuinaobertagandia"
"Restaurante Grillo Grill Bar","restaurante","València","Valencia","https://instagram.com/grillogrillbar"
"SAPORI DI NAPOLI","restaurante","Torrent","Valencia","https://instagram.com/saporidinapoli2025"
"Gastronomía Bilbao","restaurante","Bilbao","Vizcaya","https://instagram.com/gastronomia_bilbao"
"Getxo Paellas","restaurante","Algorta","Vizcaya","https://instagram.com/rsrc.php"
"Las Jaritas","bar","Zamora","Zamora","https://instagram.com/rsrc.php"
"A los Ojos del Río Duero","hotel","Zamora","Zamora","https://instagram.com/a.los.ojos.del.rio.duero"
"IL FORNAZZO. Cucina Genuina","restaurante","Zamora","Zamora","https://instagram.com/masaborbakery"
