titulo,contenido
"Faltan fichas publicadas en El Palmar, Murcia","No aparece ninguna ficha publicada en El Palmar, Murcia, dentro de los datos disponibles que cumpla el estándar de 4,7★ y 50+ reseñas. Sí hay restaurantes publicados en municipios próximos de la provincia, como Murcia y La Ñora. Incorporar fichas verificadas de El Palmar permitiría responder con alternativas locales sin depender de recomendaciones de otros municipios."
"Verificar o publicar Estirpe Restaurante en Yecla","La respuesta menciona Estirpe Restaurante en Yecla como la única ficha disponible, pero esa ficha no figura entre los DATOS REALES de fichas publicadas. Debe comprobarse si el establecimiento está publicado y cumple los criterios mínimos de 4,7★ y 50+ reseñas. Si cumple, su ficha debe incluir ciudad, rating, número de reseñas, slug e identificador de mapa para poder citarla de forma verificable."
"Falta clasificación verificable de pescado o marisco en Murcia","Restaurante Torombolo Murcia está publicado en Murcia como restaurante, con 4.7★ y 145 reseñas, pero su ficha no incluye subcategoría de pescado o mariscos. Por ello, la base publicada no acredita que sea una respuesta válida para una búsqueda específica de restaurante de pescado. Haría falta publicar fichas o metadatos que identifiquen de forma verificable restaurantes de pescado o marisco cercanos en Murcia."
"Falta una ficha publicada en Barranda","No hay restaurantes publicados en Barranda dentro de los datos disponibles. Barranda pertenece al municipio de Caravaca de la Cruz, en Murcia, por lo que una ficha local permitiría responder con opciones sin desplazamiento. Mientras no exista esa cobertura, Yecla y Jumilla son alternativas provinciales cercanas que sí cuentan con fichas publicadas."
"Faltan resultados de restaurantes para la ruta Sevilla-Valencia","La petición requiere restaurantes publicados que estén de paso entre Sevilla y Valencia según la ruta concreta y el desvío admitido. Ninguna de las fichas aportadas se identifica como una parada pertinente en ese corredor. El sistema debería recuperar fichas geolocalizadas de la ruta antes de recomendar locales concretos."
"Identificador de mapa verificable para Ingrediente Secreto en Badalona","Ingrediente Secreto es un restaurante publicado en Badalona, Barcelona, con valoración 5★ y 590 reseñas. Su slug publicado es ingrediente-secreto-badalona. El identificador ca7b37d3-e6df-4443-a9d5-201236b94118 citado en el enlace de mapa no aparece asociado a una ficha verificable en los datos suministrados. Debe recuperarse y publicar el id de mapa real de esta ficha antes de enlazarlo."
"Faltan fichas publicadas en Sant Andreu de Llavaneres","No consta ninguna ficha publicada en Sant Andreu de Llavaneres para responder con un local dentro del municipio solicitado. Como alternativas cercanas publicadas, Mataró cuenta con La Forzuda Pizza i Circ y Pizzeria Salseo, ambos restaurantes con valoración 4.9★. Incorporar fichas verificadas de Sant Andreu de Llavaneres o del entorno inmediato de Port Balís permitiría una recomendación más precisa."
"Falta verificar o publicar Cortijo 4 Elementos en Lucainena de las Torres","La respuesta menciona una ficha de alojamiento llamada «cortijo 4 elementos» en Lucainena de las Torres, pero no existe en los datos publicados proporcionados. Antes de citarla, debe verificarse su nombre, municipio, categoría, coordenadas, valoración y número de reseñas. Si cumple los criterios editoriales, debería publicarse como alojamiento, no utilizarse como resultado de una búsqueda de cena."
"Faltan fichas publicadas de restaurantes en Moratalla","No hay restaurantes de Moratalla entre las fichas publicadas aportadas. La consulta requiere establecimientos de la categoría restaurante con un mínimo de 4,7★ y 50 reseñas. Incorporar fichas verificadas de Moratalla que cumplan esos criterios permitiría responder con recomendaciones locales en lugar de proponer ampliar la zona."
"Faltan fichas de restaurantes en Barranda o su entorno inmediato","En los DATOS REALES proporcionados no figura ninguna ficha de restaurante en Barranda, Murcia. Las recomendaciones devueltas pertenecen a Cieza, Yecla y Jumilla, que son municipios diferentes. Sería útil incorporar fichas publicadas de Barranda y de Caravaca de la Cruz u otros municipios próximos para poder responder a búsquedas basadas en la ubicación actual del usuario."
"Faltan fichas de restaurantes en Mula y Bullas","No hay restaurantes publicados en los datos disponibles para Mula ni Bullas. La búsqueda sí puede cubrir la necesidad con Restaurante La Almazara Cehegín, en Cehegín, Murcia, que cuenta con 4.7 estrellas y 817 reseñas. Sería útil incorporar fichas verificadas de restaurantes de Mula y Bullas que alcancen el mínimo de 4.7 estrellas para responder con opciones dentro de los municipios solicitados."
"Faltan alternativas cercanas a Mojácar","La búsqueda evaluada no devolvió fichas publicadas para cenar en un radio de 15 km desde Mojácar. La respuesta debería recuperar y mostrar, si existen en la base publicada, restaurantes de municipios cercanos de Almería que cumplan el umbral de 4,7★ y 50+ reseñas. No es posible identificar un local concreto con los datos aportados, ya que el listado de fichas reales está vacío."
"Faltan fichas de restaurantes en Nerja (Málaga)","No hay restaurantes de Nerja en las fichas publicadas proporcionadas para esta consulta. Nerja pertenece a la provincia de Málaga y el usuario la solicitó expresamente como ubicación. Incorporar locales de Nerja con categoría restaurante, valoración mínima de 4,7★ y al menos 50 reseñas permitiría responder de forma directa sin derivar a otros municipios."
